{
  "info": {
    "name": "Event Management API",
    "schema": "https://schema.getpostman.com/json/collection/v2.1.0/collection.json"
  },
  "item": [
    {
      "name": "Create new event",
      "request": {
        "method": "POST",
        "header": [
          {
            "key": "Content-Type",
            "value": "application/json"
          }
        ],
        "url": {
          "raw": "https://localhost:7286/api/events",
          "host": [
            "localhost"
          ],
          "port": "7286",
          "protocol": "https",
          "path": [
            "api",
            "events"
          ]
        },
        "body": {
          "mode": "raw",
          "raw": "{\n  \"name\": \"Test Event\",\n  \"startDate\": \"2025-07-01T08:00:00\",\n  \"endDate\": \"2025-07-01T17:00:00\",\n  \"maxRegistrations\": 100,\n  \"location\": \"Tel Aviv\"\n}",
          "options": {
            "raw": {
              "language": "json"
            }
          }
        }
      }
    },
    {
      "name": "Get all events schedule",
      "request": {
        "method": "GET",
        "header": [
          {
            "key": "Content-Type",
            "value": "application/json"
          }
        ],
        "url": {
          "raw": "https://localhost:7286/schedule",
          "host": [
            "localhost"
          ],
          "port": "7286",
          "protocol": "https",
          "path": [
            "schedule"
          ]
        }
      }
    },
    {
      "name": "Get event by ID",
      "request": {
        "method": "GET",
        "header": [
          {
            "key": "Content-Type",
            "value": "application/json"
          }
        ],
        "url": {
          "raw": "https://localhost:7286/api/events/1",
          "host": [
            "localhost"
          ],
          "port": "7286",
          "protocol": "https",
          "path": [
            "api",
            "events",
            "1"
          ]
        }
      }
    },
    {
      "name": "Update event by ID",
      "request": {
        "method": "PUT",
        "header": [
          {
            "key": "Content-Type",
            "value": "application/json"
          }
        ],
        "url": {
          "raw": "https://localhost:7286/api/events/1",
          "host": [
            "localhost"
          ],
          "port": "7286",
          "protocol": "https",
          "path": [
            "api",
            "events",
            "1"
          ]
        },
        "body": {
          "mode": "raw",
          "raw": "{\n  \"name\": \"Updated Event\",\n  \"startDate\": \"2025-07-01T09:00:00\",\n  \"endDate\": \"2025-07-01T18:00:00\",\n  \"maxRegistrations\": 150,\n  \"location\": \"Haifa\"\n}",
          "options": {
            "raw": {
              "language": "json"
            }
          }
        }
      }
    },
    {
      "name": "Delete event by ID",
      "request": {
        "method": "DELETE",
        "header": [
          {
            "key": "Content-Type",
            "value": "application/json"
          }
        ],
        "url": {
          "raw": "https://localhost:7286/api/events/1",
          "host": [
            "localhost"
          ],
          "port": "7286",
          "protocol": "https",
          "path": [
            "api",
            "events",
            "1"
          ]
        }
      }
    },
    {
      "name": "Register user to event",
      "request": {
        "method": "POST",
        "header": [
          {
            "key": "Content-Type",
            "value": "application/json"
          }
        ],
        "url": {
          "raw": "https://localhost:7286/api/events/1/registration",
          "host": [
            "localhost"
          ],
          "port": "7286",
          "protocol": "https",
          "path": [
            "api",
            "events",
            "1",
            "registration"
          ]
        },
        "body": {
          "mode": "raw",
          "raw": "1234",
          "options": {
            "raw": {
              "language": "json"
            }
          }
        }
      }
    },
    {
      "name": "Get event registrations",
      "request": {
        "method": "GET",
        "header": [
          {
            "key": "Content-Type",
            "value": "application/json"
          }
        ],
        "url": {
          "raw": "https://localhost:7286/api/events/1/registration",
          "host": [
            "localhost"
          ],
          "port": "7286",
          "protocol": "https",
          "path": [
            "api",
            "events",
            "1",
            "registration"
          ]
        }
      }
    },
    {
      "name": "Get event weather",
      "request": {
        "method": "GET",
        "header": [
          {
            "key": "Content-Type",
            "value": "application/json"
          }
        ],
        "url": {
          "raw": "https://localhost:7286/api/events/1/weather",
          "host": [
            "localhost"
          ],
          "port": "7286",
          "protocol": "https",
          "path": [
            "api",
            "events",
            "1",
            "weather"
          ]
        }
      }
    }
  ]
}